,loss,decoder_loss,decoder_1_loss,decoder_2_loss,decoder_mean_squared_error,decoder_1_mean_squared_error,decoder_2_mean_squared_error,val_loss,val_decoder_loss,val_decoder_1_loss,val_decoder_2_loss,val_decoder_mean_squared_error,val_decoder_1_mean_squared_error,val_decoder_2_mean_squared_error
0,0.17576687037944794,0.044166676700115204,0.0443689227104187,0.08723124861717224,0.0441666804254055,0.044368926435709,0.08723124861717224,0.11518356949090958,0.02886117994785309,0.029172178357839584,0.05715020373463631,0.02886117994785309,0.029172178357839584,0.05715020373463631
1,0.08350557088851929,0.020500440150499344,0.020544670522212982,0.042460452765226364,0.020500442013144493,0.020544670522212982,0.04246045649051666,0.06174638494849205,0.014463541097939014,0.014583189971745014,0.03269965574145317,0.014463542029261589,0.014583189971745014,0.03269965574145317
2,0.05329511687159538,0.012928484007716179,0.012884405441582203,0.027482224628329277,0.012928484007716179,0.012884405441582203,0.027482224628329277,0.04526791721582413,0.010934121906757355,0.011042150668799877,0.023291639983654022,0.010934121906757355,0.011042150668799877,0.02329164184629917
3,0.042645279318094254,0.010469956323504448,0.01042768731713295,0.021747641265392303,0.010469956323504448,0.01042768731713295,0.021747641265392303,0.038202136754989624,0.009507356211543083,0.00962465163320303,0.019070126116275787,0.009507356211543083,0.009624653495848179,0.019070126116275787
4,0.03580532222986221,0.008755848743021488,0.008709842339158058,0.018339630216360092,0.008755848743021488,0.008709842339158058,0.018339630216360092,0.0322624109685421,0.007832327857613564,0.00794889684766531,0.0164811871945858,0.007832327857613564,0.007948897778987885,0.0164811871945858
5,0.030178090557456017,0.007286100648343563,0.007252296898514032,0.015639694407582283,0.007286101579666138,0.007252296898514032,0.015639694407582283,0.0268943440169096,0.006317121908068657,0.006452643312513828,0.014124578796327114,0.006317121908068657,0.006452643312513828,0.014124578796327114
6,0.025087203830480576,0.005947765428572893,0.00592135451734066,0.013218080624938011,0.005947765428572893,0.00592135451734066,0.013218080624938011,0.022377748042345047,0.005208879709243774,0.005317464005202055,0.011851404793560505,0.005208879709243774,0.005317464005202055,0.011851404793560505
7,0.021052401512861252,0.004909204784780741,0.004897458478808403,0.01124573964625597,0.004909205716103315,0.00489745894446969,0.01124574150890112,0.019167274236679077,0.004401385318487883,0.004459589719772339,0.010306298732757568,0.004401385318487883,0.004459589719772339,0.010306298732757568
8,0.01855458877980709,0.004291974473744631,0.004286225885152817,0.009976387955248356,0.004291975405067205,0.004286225885152817,0.009976387955248356,0.01740471087396145,0.004000329412519932,0.004062076564878225,0.009342305362224579,0.004000329412519932,0.004062076564878225,0.009342305362224579
9,0.016743935644626617,0.0038572417106479406,0.0038629837799817324,0.009023710153996944,0.0038572417106479406,0.0038629837799817324,0.009023711085319519,0.015432083979249,0.0035385629162192345,0.0035800382029265165,0.008313482627272606,0.0035385629162192345,0.0035800382029265165,0.008313482627272606
10,0.015225166454911232,0.003498419653624296,0.0035041014198213816,0.00822264514863491,0.003498419653624296,0.003504101885482669,0.00822264514863491,0.014308908954262733,0.003248293651267886,0.0032780615147203207,0.007782554253935814,0.003248293651267886,0.0032780615147203207,0.007782554719597101
11,0.014109151437878609,0.0032322020269930363,0.0032370188273489475,0.007639930117875338,0.0032322020269930363,0.0032370188273489475,0.007639930117875338,0.013529574498534203,0.003057952504605055,0.0030871983617544174,0.007384424097836018,0.003057952504605055,0.0030871983617544174,0.007384424097836018
12,0.013248905539512634,0.0030257285106927156,0.0030297464691102505,0.007193431258201599,0.0030257292091846466,0.0030297464691102505,0.007193431258201599,0.012724361382424831,0.002870572730898857,0.002902169479057193,0.006951619870960712,0.002870572730898857,0.002902169479057193,0.006951619870960712
13,0.01265997625887394,0.0028858252335339785,0.0028902010526508093,0.006883950904011726,0.0028858252335339785,0.0028902010526508093,0.006883950904011726,0.012103823013603687,0.0027441454585641623,0.002777599496766925,0.006582078989595175,0.0027441454585641623,0.002777599496766925,0.006582078989595175
14,0.01193308550864458,0.0027128977235406637,0.002716213231906295,0.006503974087536335,0.0027128977235406637,0.0027162134647369385,0.006503974087536335,0.011420836672186852,0.0025696540251374245,0.0026006405241787434,0.006250542122870684,0.0025696540251374245,0.0026006405241787434,0.006250542122870684
15,0.011621041223406792,0.0026384771335870028,0.0026385055389255285,0.006344058085232973,0.0026384771335870028,0.002638505771756172,0.006344058085232973,0.011066208593547344,0.0024932371452450752,0.0025234664790332317,0.0060495054349303246,0.0024932371452450752,0.0025234664790332317,0.0060495054349303246
16,0.010940649546682835,0.002475267043337226,0.002474872162565589,0.005990510806441307,0.002475267043337226,0.0024748723953962326,0.005990510806441307,0.010480852797627449,0.002348367590457201,0.0023761431220918894,0.005756343249231577,0.002348367590457201,0.0023761431220918894,0.005756343249231577
17,0.010886839590966702,0.0024567972868680954,0.0024606455117464066,0.005969396326690912,0.0024567972868680954,0.0024606455117464066,0.005969396326690912,0.011400499381124973,0.0025821286253631115,0.002622540108859539,0.006195829715579748,0.0025821286253631115,0.002622540108859539,0.006195829715579748
18,0.010490979999303818,0.0023663195315748453,0.002362067811191082,0.005762592423707247,0.0023663195315748453,0.0023620680440217257,0.005762592423707247,0.010175098665058613,0.0022735479287803173,0.002305965404957533,0.005595586262643337,0.0022735479287803173,0.0023059656377881765,0.005595586262643337
19,0.00981862936168909,0.0021996351424604654,0.0021982036996632814,0.005420790985226631,0.0021996351424604654,0.0021982036996632814,0.005420790985226631,0.00953714270144701,0.0021126375067979097,0.0021411124616861343,0.005283392034471035,0.0021126375067979097,0.0021411124616861343,0.005283392034471035
20,0.009445485658943653,0.002105503110215068,0.0021045866888016462,0.005235396325588226,0.002105503110215068,0.00210458692163229,0.005235396325588226,0.0093607809394598,0.0020680127199739218,0.0020905109122395515,0.0052022566087543964,0.0020680127199739218,0.0020905109122395515,0.005202257540076971
21,0.009172049351036549,0.0020367454271763563,0.002035511424764991,0.005099792033433914,0.0020367454271763563,0.002035511424764991,0.005099792033433914,0.00937824696302414,0.0020754695869982243,0.0021084013860672712,0.005194375291466713,0.0020754695869982243,0.0021084013860672712,0.005194376222789288
22,0.009066914208233356,0.0020111878402531147,0.002011184813454747,0.005044541321694851,0.0020111878402531147,0.002011184813454747,0.005044541321694851,0.009148212149739265,0.0020166831091046333,0.0020421622321009636,0.005089367274194956,0.002016683341935277,0.0020421624649316072,0.005089367274194956
23,0.008723310194909573,0.0019266619347035885,0.0019245678558945656,0.0048720804043114185,0.0019266619347035885,0.0019245678558945656,0.0048720804043114185,0.008532753214240074,0.0018642018549144268,0.001896000001579523,0.004772551357746124,0.0018642018549144268,0.001896000001579523,0.004772551357746124
24,0.00821016263216734,0.0018017067341133952,0.0017997141694650054,0.00460874242708087,0.0018017067341133952,0.0017997141694650054,0.004608742892742157,0.008050606586039066,0.001741950400173664,0.0017701348988339305,0.004538520704954863,0.001741950400173664,0.0017701350152492523,0.00453852117061615
25,0.008950263261795044,0.0019818672444671392,0.0019811857491731644,0.004987210035324097,0.0019818672444671392,0.0019811857491731644,0.004987210500985384,0.008355259895324707,0.0018238442717120051,0.0018521848833188415,0.004679230973124504,0.0018238445045426488,0.0018521851161494851,0.004679230973124504
26,0.008156034164130688,0.0017921775579452515,0.00178854342084378,0.004575312603265047,0.0017921776743605733,0.00178854342084378,0.004575312603265047,0.007861959747970104,0.0017030204180628061,0.001731264404952526,0.004427674692124128,0.0017030204180628061,0.001731264404952526,0.004427675157785416
27,0.0077024041675031185,0.0016806572675704956,0.0016774582909420133,0.004344289656728506,0.0016806572675704956,0.0016774582909420133,0.004344289656728506,0.007730760145932436,0.001664220355451107,0.0016944314120337367,0.004372108727693558,0.001664220355451107,0.0016944314120337367,0.004372108727693558
28,0.007475807331502438,0.0016217908123508096,0.0016202551778405905,0.004233760759234428,0.0016217909287661314,0.0016202552942559123,0.004233761224895716,0.007407603785395622,0.0015941178426146507,0.0016257894458249211,0.004187696613371372,0.0015941178426146507,0.0016257894458249211,0.004187696613371372
29,0.007236151024699211,0.0015637219185009599,0.0015628995606675744,0.0041095297783613205,0.0015637220349162817,0.0015628995606675744,0.0041095297783613205,0.007071088068187237,0.0015028472989797592,0.0015365268336609006,0.0040317135863006115,0.0015028472989797592,0.0015365268336609006,0.004031714051961899
30,0.007199172396212816,0.0015544249908998609,0.001552985399030149,0.004091762006282806,0.0015544249908998609,0.001552985399030149,0.004091762006282806,0.007661470677703619,0.0016509672859683633,0.001685560098849237,0.004324943292886019,0.0016509672859683633,0.001685560098849237,0.004324943292886019
31,0.007600803393870592,0.0016544807003811002,0.001651536556892097,0.004294786136597395,0.0016544807003811002,0.001651536556892097,0.004294786602258682,0.007573496550321579,0.001630564802326262,0.0016659284010529518,0.004277003463357687,0.001630564802326262,0.0016659285174682736,0.004277003929018974
32,0.007026206236332655,0.0015139903407543898,0.0015115182613953948,0.004000697750598192,0.0015139903407543898,0.0015115183778107166,0.004000697750598192,0.006877783685922623,0.0014572527725249529,0.0014933330239728093,0.003927197773009539,0.0014572527725249529,0.0014933331403881311,0.003927197773009539
33,0.006793302483856678,0.001456075580790639,0.0014557108515873551,0.0038815161678940058,0.001456075580790639,0.0014557108515873551,0.0038815161678940058,0.006505102850496769,0.0013632145710289478,0.0013977973721921444,0.003744090674445033,0.0013632145710289478,0.001397797605022788,0.0037440911401063204
34,0.006525280419737101,0.0013888563262298703,0.0013895896263420582,0.003746834583580494,0.0013888563262298703,0.0013895896263420582,0.003746834583580494,0.006361750885844231,0.0013327717315405607,0.001367197372019291,0.0036617822479456663,0.0013327717315405607,0.001367197372019291,0.0036617822479456663
35,0.006338180974125862,0.0013432435225695372,0.0013435049913823605,0.003651432693004608,0.0013432435225695372,0.0013435049913823605,0.0036514331586658955,0.0064394064247608185,0.0013482276117429137,0.0013832837576046586,0.003707895055413246,0.0013482276117429137,0.0013832837576046586,0.00370789528824389
36,0.00676935538649559,0.0014512997586280107,0.0014487480511888862,0.0038693081587553024,0.0014512997586280107,0.0014487480511888862,0.0038693081587553024,0.006260972935706377,0.0013085025129839778,0.0013443244388327003,0.003608145983889699,0.0013085026293992996,0.0013443244388327003,0.003608145983889699
37,0.006421724800020456,0.0013673444045707583,0.0013652091147378087,0.0036891710478812456,0.0013673444045707583,0.0013652091147378087,0.0036891710478812456,0.00643150182440877,0.0013470895355567336,0.0013802142348140478,0.0037041977047920227,0.0013470895355567336,0.0013802142348140478,0.0037041977047920227
38,0.006225165445357561,0.0013178347144275904,0.0013176575303077698,0.0035896734334528446,0.0013178347144275904,0.0013176576467230916,0.0035896734334528446,0.00623345747590065,0.0013064307859167457,0.0013402181211858988,0.003586808918043971,0.0013064307859167457,0.0013402181211858988,0.003586808918043971
39,0.005962760653346777,0.001252887537702918,0.0012550621759146452,0.0034548104740679264,0.001252887537702918,0.0012550624087452888,0.0034548104740679264,0.006323400419205427,0.0013228781754150987,0.001355840708129108,0.003644681768491864,0.0013228781754150987,0.001355840708129108,0.003644681768491864
40,0.0061716665513813496,0.001304980949498713,0.0013062398647889495,0.0035604455042630434,0.001304980949498713,0.0013062398647889495,0.0035604459699243307,0.005983388051390648,0.001244496088474989,0.0012775612995028496,0.003461330197751522,0.001244496088474989,0.0012775612995028496,0.0034613304305821657
41,0.005810990463942289,0.0012166710803285241,0.0012185738887637854,0.003375745378434658,0.0012166710803285241,0.0012185738887637854,0.003375745378434658,0.005936851259320974,0.0012307226425036788,0.0012597126187756658,0.003446415299549699,0.0012307227589190006,0.0012597126187756658,0.003446415765210986
42,0.006147176027297974,0.0013014295836910605,0.0013021446065977216,0.003543602302670479,0.0013014295836910605,0.0013021446065977216,0.003543602302670479,0.0057674371637403965,0.0011894766939803958,0.0012235105969011784,0.003354450222104788,0.0011894768103957176,0.0012235105969011784,0.003354450222104788
43,0.005768023896962404,0.0012086716014891863,0.0012085302732884884,0.003350821789354086,0.0012086716014891863,0.0012085302732884884,0.003350821789354086,0.005697238724678755,0.001174282399006188,0.0012045684270560741,0.003318388480693102,0.001174282399006188,0.001204568543471396,0.003318388480693102
44,0.005502623040229082,0.0011436959030106664,0.0011451885802671313,0.0032137385569512844,0.0011436959030106664,0.0011451885802671313,0.0032137385569512844,0.005411196034401655,0.0011042271507903934,0.0011354520684108138,0.0031715165823698044,0.0011042271507903934,0.0011354520684108138,0.0031715165823698044
45,0.0054533942602574825,0.0011314053554087877,0.001133932382799685,0.0031880568712949753,0.0011314053554087877,0.001133932382799685,0.0031880568712949753,0.006150262895971537,0.0012861292343586683,0.001315669622272253,0.0035484640393406153,0.0012861292343586683,0.001315669622272253,0.0035484640393406153
46,0.0060814302414655685,0.001286255894228816,0.0012890152866020799,0.003506158944219351,0.0012862560106441379,0.0012890152866020799,0.003506158944219351,0.005931720603257418,0.001242482685483992,0.00127288734074682,0.0034163505770266056,0.001242482685483992,0.00127288734074682,0.0034163505770266056
47,0.005506016779690981,0.0011472869664430618,0.0011508731404319406,0.003207856323570013,0.0011472870828583837,0.0011508731404319406,0.003207856323570013,0.0052161673083901405,0.0010594041086733341,0.0010886081727221608,0.0030681549105793238,0.0010594041086733341,0.0010886081727221608,0.0030681549105793238
48,0.005208222661167383,0.0010757644195109606,0.001077647670172155,0.003054810920730233,0.0010757644195109606,0.001077647670172155,0.003054810920730233,0.0052010719664394855,0.0010556974448263645,0.0010833541164174676,0.0030620205216109753,0.0010556974448263645,0.0010833541164174676,0.003062020754441619
49,0.005133116152137518,0.0010571939637884498,0.0010593796614557505,0.003016542410477996,0.0010571939637884498,0.0010593796614557505,0.003016542410477996,0.0052929287776350975,0.0010815673740580678,0.0011120581766590476,0.0030993036925792694,0.0010815673740580678,0.0011120581766590476,0.0030993036925792694
50,0.005118167027831078,0.0010545786935836077,0.0010557444766163826,0.0030078438576310873,0.0010545786935836077,0.0010557444766163826,0.0030078438576310873,0.0049951509572565556,0.001008945400826633,0.0010344237089157104,0.0029517814982682467,0.0010089455172419548,0.0010344238253310323,0.0029517817310988903
51,0.005114087834954262,0.0010542384115979075,0.001054649823345244,0.0030052002985030413,0.0010542384115979075,0.001054649823345244,0.003005200531333685,0.005623419303447008,0.001158560742624104,0.0011858611833304167,0.0032789972610771656,0.0011585608590394258,0.0011858611833304167,0.0032789972610771656
52,0.005178862251341343,0.0010695364326238632,0.0010735257528722286,0.003035800065845251,0.0010695364326238632,0.0010735258692875504,0.003035800065845251,0.0052111330442130566,0.0010667404858395457,0.0010937079787254333,0.0030506851617246866,0.0010667404858395457,0.0010937079787254333,0.0030506851617246866
53,0.005255827680230141,0.001089535653591156,0.0010942103108391166,0.0030720815993845463,0.001089535653591156,0.0010942103108391166,0.0030720820650458336,0.004923179280012846,0.0009910613298416138,0.0010157771175727248,0.0029163409490138292,0.0009910613298416138,0.0010157771175727248,0.0029163409490138292
54,0.0049956911243498325,0.0010269745253026485,0.001031016930937767,0.0029376994352787733,0.0010269745253026485,0.001031016930937767,0.0029376994352787733,0.005076189059764147,0.0010377984726801515,0.0010634922655299306,0.0029748990200459957,0.0010377984726801515,0.0010634922655299306,0.0029748992528766394
55,0.004891569726169109,0.0010025131050497293,0.0010050911223515868,0.0028839653823524714,0.0010025131050497293,0.0010050912387669086,0.002883965615183115,0.00474272295832634,0.0009498881408944726,0.0009747122530825436,0.0028181225061416626,0.0009498883155174553,0.0009747122530825436,0.0028181225061416626
56,0.004651766736060381,0.000944190367590636,0.0009467931813560426,0.002760783303529024,0.000944190367590636,0.0009467932395637035,0.002760783303529024,0.004691535606980324,0.000936248863581568,0.000960079429205507,0.0027952073141932487,0.0009362489217892289,0.000960079429205507,0.0027952075470238924
57,0.00487158028408885,0.0009994496358558536,0.0010018493048846722,0.002870281459763646,0.0009994496358558536,0.0010018493048846722,0.002870281459763646,0.005646076984703541,0.001167801907286048,0.0011947639286518097,0.003283511381596327,0.001167801907286048,0.0011947640450671315,0.003283511381596327
58,0.0050528161227703094,0.001045358250848949,0.0010467219399288297,0.002960735931992531,0.001045358250848949,0.0010467220563441515,0.0029607361648231745,0.004982009530067444,0.0010153882903978229,0.0010424709180369973,0.0029241503216326237,0.0010153882903978229,0.0010424709180369973,0.0029241503216326237
59,0.00468367338180542,0.0009542587795294821,0.000957671320065856,0.002771743107587099,0.0009542587795294821,0.000957671320065856,0.0027717433404177427,0.0047304946929216385,0.0009503097971901298,0.0009725754498504102,0.0028076092712581158,0.0009503097971901298,0.0009725755080580711,0.0028076092712581158
60,0.004505403805524111,0.0009122444316744804,0.0009141855989582837,0.002678974298760295,0.0009122444898821414,0.0009141855989582837,0.002678974298760295,0.004506879951804876,0.0008980341954156756,0.0009204837260767817,0.0026883617974817753,0.0008980341954156756,0.0009204837260767817,0.0026883617974817753
61,0.004619209561496973,0.0009422776638530195,0.0009418106637895107,0.0027351214084774256,0.0009422777220606804,0.0009418107219971716,0.0027351214084774256,0.004522216040641069,0.0009046090417541564,0.0009268635767512023,0.0026907429564744234,0.0009046090999618173,0.0009268636349588633,0.002690743189305067
62,0.0044333068653941154,0.000894301338121295,0.000897468940820545,0.0026415367610752583,0.000894301338121295,0.000897468940820545,0.002641536993905902,0.0047120340168476105,0.0009527185466140509,0.0009759787935763597,0.0027833362109959126,0.0009527185466140509,0.0009759787935763597,0.0027833362109959126
63,0.00469895638525486,0.0009612311259843409,0.0009659002535045147,0.002771824598312378,0.0009612311841920018,0.0009659002535045147,0.0027718250639736652,0.004368114750832319,0.0008661667234264314,0.0008854959160089493,0.0026164520531892776,0.0008661667234264314,0.0008854959160089493,0.0026164520531892776
64,0.004424622748047113,0.0008959159022197127,0.000897343154065311,0.0026313632261008024,0.0008959159022197127,0.000897343154065311,0.002631363458931446,0.004382009617984295,0.0008701804326847196,0.000888097973074764,0.002623731503263116,0.0008701804326847196,0.000888097973074764,0.002623731503263116
65,0.004251469857990742,0.0008543095318600535,0.000854324724059552,0.002542835660278797,0.0008543095318600535,0.000854324724059552,0.002542835660278797,0.004314655438065529,0.0008576405234634876,0.0008764454396441579,0.002580569824203849,0.0008576405234634876,0.0008764454396441579,0.002580569824203849
66,0.005128406919538975,0.0010720918653532863,0.0010724827880039811,0.0029838322661817074,0.0010720918653532863,0.0010724827880039811,0.0029838322661817074,0.004693244583904743,0.0009570436668582261,0.0009781692642718554,0.0027580317109823227,0.0009570436668582261,0.0009781692642718554,0.0027580317109823227
67,0.0044959899969398975,0.0009167512762360275,0.0009175923769362271,0.0026616465765982866,0.0009167512762360275,0.0009175923769362271,0.0026616465765982866,0.005027972161769867,0.0010402012849226594,0.001066443044692278,0.002921328181400895,0.0010402012849226594,0.0010664431611075997,0.002921328181400895
68,0.0046501848846673965,0.0009572682902216911,0.0009578490862622857,0.002735067391768098,0.0009572682902216911,0.0009578491444699466,0.002735067391768098,0.004223241005092859,0.0008400564547628164,0.0008601705194450915,0.002523014321923256,0.0008400564547628164,0.0008601705194450915,0.002523014321923256
69,0.004233290906995535,0.0008534045773558319,0.0008556981920264661,0.0025241884868592024,0.0008534045773558319,0.0008556981920264661,0.0025241884868592024,0.004117504693567753,0.0008111048373393714,0.0008303459035232663,0.0024760537780821323,0.0008111048373393714,0.0008303459035232663,0.0024760537780821323
70,0.0041347104124724865,0.0008305309456773102,0.0008312414865940809,0.0024729382712394,0.0008305309456773102,0.0008312414865940809,0.0024729382712394,0.004339062608778477,0.0008624033071100712,0.0008817504858598113,0.0025949086993932724,0.0008624033071100712,0.0008817504858598113,0.002594908932223916
71,0.0041770790703594685,0.0008411880116909742,0.0008419645018875599,0.0024939263239502907,0.0008411880116909742,0.0008419645018875599,0.0024939263239502907,0.004313641227781773,0.000864839181303978,0.0008840031223371625,0.002564799040555954,0.000864839181303978,0.0008840031223371625,0.002564799040555954
72,0.0040779123082757,0.0008178226999007165,0.0008187156054191291,0.0024413736537098885,0.0008178226999007165,0.0008187156054191291,0.0024413736537098885,0.004181275609880686,0.0008276965236291289,0.0008449857705272734,0.00250859372317791,0.0008276965236291289,0.0008449857705272734,0.00250859372317791
73,0.004002080764621496,0.000799001136329025,0.0008000775123946369,0.002403001766651869,0.000799001136329025,0.0008000775123946369,0.002403001766651869,0.004061582498252392,0.0008018590160645545,0.0008193052490241826,0.0024404183495789766,0.0008018590742722154,0.0008193052490241826,0.0024404183495789766
74,0.003943683113902807,0.0007843548664823174,0.000787066004704684,0.002372262068092823,0.0007843548664823174,0.000787066004704684,0.002372262068092823,0.004001297987997532,0.0007890737033449113,0.0008048978052102029,0.002407326828688383,0.0007890737033449113,0.0008048978052102029,0.002407326828688383
75,0.004284783732146025,0.0008712189737707376,0.0008721256162971258,0.0025414389092475176,0.0008712189737707376,0.0008721256162971258,0.0025414389092475176,0.0046908981166779995,0.0009665222023613751,0.0009858296252787113,0.002738546347245574,0.0009665222023613751,0.0009858296252787113,0.0027385465800762177
76,0.004217490088194609,0.0008563117007724941,0.0008565564639866352,0.002504622330889106,0.0008563117007724941,0.0008565564639866352,0.002504622330889106,0.004254328086972237,0.0008456485229544342,0.0008628841023892164,0.0025457951705902815,0.0008456485811620951,0.0008628841023892164,0.0025457951705902815
77,0.003918939270079136,0.0007818590383976698,0.0007830005488358438,0.002354079857468605,0.0007818590383976698,0.0007830005488358438,0.002354079857468605,0.0038740893360227346,0.0007608125451952219,0.0007757901330478489,0.0023374869488179684,0.0007608125451952219,0.0007757901330478489,0.0023374869488179684
78,0.003830490866675973,0.0007610231987200677,0.0007632548222318292,0.0023062126711010933,0.0007610231987200677,0.0007632548222318292,0.0023062126711010933,0.003922970499843359,0.0007697478868067265,0.0007845992222428322,0.0023686238564550877,0.0007697478868067265,0.0007845992222428322,0.0023686238564550877
79,0.0038108783774077892,0.0007566032581962645,0.000757969100959599,0.0022963061928749084,0.0007566032581962645,0.000757969100959599,0.0022963061928749084,0.0038093228358775377,0.0007441822672262788,0.0007587375002913177,0.002306403359398246,0.0007441822672262788,0.0007587375584989786,0.002306403359398246
80,0.0038502891547977924,0.0007674795342609286,0.0007682608556933701,0.002314548473805189,0.0007674795342609286,0.0007682608556933701,0.002314548473805189,0.00398633535951376,0.0007929661078378558,0.0008072663331404328,0.0023861026857048273,0.0007929661078378558,0.0008072663913480937,0.0023861026857048273
81,0.004050857853144407,0.0008163937018252909,0.0008187335333786905,0.002415730617940426,0.0008163937600329518,0.0008187335333786905,0.0024157308507710695,0.004280091263353825,0.0008698659366928041,0.0008843575487844646,0.002525867661461234,0.0008698660531081259,0.0008843575487844646,0.002525867661461234
82,0.0038513969630002975,0.0007698252447880805,0.0007710857898928225,0.002310485579073429,0.0007698252447880805,0.0007710857898928225,0.002310485579073429,0.003763813292607665,0.000734842789825052,0.0007474182057194412,0.00228155218064785,0.000734842789825052,0.0007474182057194412,0.00228155218064785
83,0.0038006978575140238,0.0007568642031401396,0.0007593690534122288,0.002284464193508029,0.0007568642613478005,0.0007593691698275506,0.0022844644263386726,0.003993548918515444,0.0007899429183453321,0.0008054818026721478,0.002398124663159251,0.0007899429183453321,0.0008054818608798087,0.002398124663159251
84,0.003767465939745307,0.0007502923253923655,0.0007518974016420543,0.00226527638733387,0.0007502923253923655,0.0007518974016420543,0.00226527638733387,0.003711824771016836,0.0007257715915329754,0.0007396286819130182,0.002246424788609147,0.0007257715915329754,0.0007396286819130182,0.002246424788609147
85,0.0036539994180202484,0.0007233160431496799,0.0007235935772769153,0.002207089914008975,0.0007233161595650017,0.0007235935772769153,0.002207089914008975,0.003930279985070229,0.0007837971788831055,0.0007974160253070295,0.0023490670137107372,0.0007837971788831055,0.0007974160253070295,0.0023490670137107372
86,0.004237970802932978,0.0008694292046129704,0.0008681867620907724,0.002500354778021574,0.0008694292046129704,0.0008681867620907724,0.002500354778021574,0.0037756762467324734,0.0007450837874785066,0.0007580106030218303,0.0022725816816091537,0.0007450837874785066,0.0007580106030218303,0.0022725819144397974
87,0.0037720920518040657,0.0007541170343756676,0.0007554132025688887,0.002262561582028866,0.0007541170343756676,0.0007554132025688887,0.002262561582028866,0.0035873514134436846,0.0006966560031287372,0.00070969044463709,0.0021810049656778574,0.0006966560031287372,0.00070969044463709,0.002181005198508501
88,0.0037480390165001154,0.0007483714143745601,0.0007503766100853682,0.002249290933832526,0.0007483714143745601,0.0007503766100853682,0.002249290933832526,0.0035994702484458685,0.0006997392629273236,0.0007120202062651515,0.0021877107210457325,0.0006997392629273236,0.0007120202062651515,0.0021877107210457325
89,0.0035629048943519592,0.0007032945286482573,0.0007047075196169317,0.0021549027878791094,0.0007032945286482573,0.0007047075196169317,0.0021549027878791094,0.0035423801746219397,0.0006875040708109736,0.0006998777389526367,0.0021549982484430075,0.0006875040708109736,0.0006998777389526367,0.0021549982484430075
90,0.0034685356076806784,0.0006808277685195208,0.0006816919194534421,0.00210601557046175,0.0006808277685195208,0.0006816919194534421,0.00210601557046175,0.0035157357342541218,0.0006812816136516631,0.0006937201251275837,0.002140734111890197,0.0006812816136516631,0.0006937201251275837,0.002140734111890197
91,0.0036528531927615404,0.0007275065290741622,0.0007284362800419331,0.002196910325437784,0.0007275066454894841,0.0007284362800419331,0.002196910325437784,0.004423349630087614,0.0008995882235467434,0.0009161622729152441,0.0026075991336256266,0.0008995882235467434,0.0009161622729152441,0.0026075991336256266
92,0.003995805513113737,0.0008118394180200994,0.0008137961849570274,0.0023701703175902367,0.0008118394762277603,0.0008137961849570274,0.0023701703175902367,0.003848352236673236,0.0007680219714529812,0.0007830092217773199,0.0022973211016505957,0.0007680219714529812,0.0007830092217773199,0.0022973211016505957
93,0.0035998374223709106,0.0007161264657042921,0.0007168815354816616,0.002166829304769635,0.0007161264657042921,0.0007168815354816616,0.002166829537600279,0.003538616932928562,0.0006868574419058859,0.0007008534739725292,0.002150906017050147,0.0006868575001135468,0.0007008534739725292,0.002150906017050147
94,0.003469696966931224,0.0006838015979155898,0.0006849163910374045,0.0021009789779782295,0.0006838015979155898,0.0006849163910374045,0.0021009789779782295,0.003510082373395562,0.0006840141140855849,0.0006977488519623876,0.002128319349139929,0.0006840141140855849,0.0006977488519623876,0.002128319349139929
95,0.0033884155564010143,0.0006645496468991041,0.0006654831231571734,0.002058382611721754,0.0006645496468991041,0.0006654831231571734,0.0020583828445523977,0.003456816077232361,0.0006690442096441984,0.0006808994221501052,0.00210687262006104,0.0006690442096441984,0.0006808994221501052,0.00210687262006104
96,0.003348118392750621,0.0006549811223521829,0.0006559213506989181,0.002037215977907181,0.0006549811223521829,0.0006559213506989181,0.0020372162107378244,0.003402244532480836,0.0006570876576006413,0.0006679981597699225,0.0020771585404872894,0.0006570876576006413,0.0006679981597699225,0.0020771585404872894
97,0.0033148126676678658,0.0006471447413787246,0.0006477792048826814,0.002019888488575816,0.0006471447413787246,0.0006477792048826814,0.00201988872140646,0.003381324466317892,0.0006523025222122669,0.0006633532466366887,0.0020656688138842583,0.0006523025222122669,0.0006633532466366887,0.0020656688138842583
98,0.00416962057352066,0.0008622773457318544,0.00086035649292171,0.002446986734867096,0.0008622773457318544,0.0008603565511293709,0.002446986734867096,0.004620858933776617,0.0009512514225207269,0.0009671246516518295,0.002702482743188739,0.0009512514225207269,0.0009671247680671513,0.002702482743188739
99,0.003735228208824992,0.0007538939244113863,0.0007529128924943507,0.002228421624749899,0.0007538939244113863,0.0007529128924943507,0.002228421624749899,0.003824937390163541,0.0007572701433673501,0.0007734332466498017,0.0022942342329770327,0.0007572701433673501,0.0007734332466498017,0.0022942342329770327
100,0.0035602161660790443,0.0007105704280547798,0.0007116813794709742,0.0021379643585532904,0.0007105704280547798,0.0007116814376786351,0.0021379643585532904,0.0033249370753765106,0.0006421865546144545,0.0006559505709446967,0.0020267998334020376,0.0006421866128221154,0.0006559505709446967,0.0020267998334020376
101,0.003301332937553525,0.0006480086012743413,0.0006482740864157677,0.0020050499588251114,0.0006480086012743413,0.0006482740864157677,0.0020050499588251114,0.003351051127538085,0.0006491406820714474,0.0006627430557273328,0.002039167331531644,0.0006491406820714474,0.0006627430557273328,0.0020391675643622875
102,0.0032614441588521004,0.0006386124296113849,0.0006387393223121762,0.001984092639759183,0.0006386124296113849,0.0006387393223121762,0.001984092639759183,0.0033113593235611916,0.0006392967770807445,0.0006513090920634568,0.0020207534544169903,0.0006392967770807445,0.0006513090920634568,0.0020207534544169903
103,0.0032023584935814142,0.0006241086521185935,0.0006247473647817969,0.0019535026513040066,0.0006241086521185935,0.0006247473647817969,0.0019535026513040066,0.0032655259128659964,0.000627668050583452,0.0006388754118233919,0.0019989823922514915,0.000627668050583452,0.0006388754118233919,0.0019989823922514915
104,0.0031798931304365396,0.0006186107057146728,0.0006187849212437868,0.0019424973288550973,0.0006186107057146728,0.0006187850376591086,0.0019424973288550973,0.003228707006201148,0.0006188607076182961,0.0006311055622063577,0.0019787405617535114,0.0006188607076182961,0.0006311055622063577,0.001978740794584155
105,0.003147349925711751,0.0006110576214268804,0.0006113956333138049,0.0019248966127634048,0.0006110576796345413,0.0006113956333138049,0.0019248966127634048,0.003231621813029051,0.0006209687562659383,0.0006328622694127262,0.0019777908455580473,0.0006209688144735992,0.0006328622694127262,0.0019777908455580473
106,0.0031511688139289618,0.0006128762615844607,0.0006126114749349654,0.0019256812520325184,0.0006128763197921216,0.0006126114749349654,0.0019256812520325184,0.0033028072211891413,0.0006396365351974964,0.0006521065370179713,0.0020110642071813345,0.0006396365351974964,0.0006521065370179713,0.002011064440011978
107,0.003952024504542351,0.0008133100927807391,0.0008121851133182645,0.00232652947306633,0.0008133101509884,0.0008121852297335863,0.00232652947306633,0.004821627866476774,0.0010246166493743658,0.001043492229655385,0.0027535187546163797,0.0010246166493743658,0.001043492229655385,0.0027535187546163797
108,0.0037377323023974895,0.000760324764996767,0.0007616049842908978,0.002215802436694503,0.000760324764996767,0.0007616049842908978,0.002215802436694503,0.0033867552410811186,0.0006646185065619648,0.0006767319282516837,0.002045404864475131,0.0006646185065619648,0.0006767319282516837,0.002045404864475131
109,0.0032912360038608313,0.0006511538522318006,0.0006504285847768188,0.001989653566852212,0.0006511538522318006,0.0006504285847768188,0.001989653566852212,0.003169768024235964,0.0006094094133004546,0.000619592028670013,0.001940766698680818,0.0006094094133004546,0.000619592028670013,0.001940766698680818
110,0.003109194338321686,0.0006057917489670217,0.0006054362747818232,0.0018979661399498582,0.0006057918071746826,0.0006054362747818232,0.0018979661399498582,0.003197210840880871,0.0006152038695290685,0.000625941320322454,0.0019560654181987047,0.0006152039859443903,0.0006259413785301149,0.0019560654181987047
111,0.0030955993570387363,0.0006028555217199028,0.000602647487539798,0.00189009599853307,0.0006028555217199028,0.000602647487539798,0.00189009599853307,0.0032371145207434893,0.0006277603097259998,0.0006390603957697749,0.0019702939316630363,0.0006277603679336607,0.0006390603957697749,0.0019702939316630363
112,0.0030814248602837324,0.000599915103521198,0.0005991955404169858,0.0018823140999302268,0.000599915161728859,0.0005991955404169858,0.0018823140999302268,0.003143866313621402,0.0006029528449289501,0.0006140939076431096,0.0019268194446340203,0.0006029528449289501,0.0006140939076431096,0.0019268194446340203
113,0.0030477014370262623,0.0005921637057326734,0.000591518240980804,0.0018640191992744803,0.0005921637057326734,0.000591518240980804,0.0018640191992744803,0.0030668703839182854,0.0005856378702446818,0.0005961699644103646,0.0018850626656785607,0.0005856379284523427,0.0005961699644103646,0.0018850626656785607
114,0.0029931804165244102,0.000578688399400562,0.0005783636006526649,0.0018361283000558615,0.000578688399400562,0.0005783636006526649,0.0018361283000558615,0.003055155510082841,0.0005834354087710381,0.0005932564963586628,0.001878463546745479,0.000583435466978699,0.0005932564963586628,0.001878463663160801
115,0.0030684389639645815,0.0005983326700516045,0.0005979579873383045,0.001872148597612977,0.0005983326700516045,0.0005979579873383045,0.001872148597612977,0.003570365021005273,0.000712489360012114,0.0007247680332511663,0.0021331077441573143,0.000712489360012114,0.0007247680914588273,0.0021331077441573143
116,0.004016070161014795,0.0008342575165443122,0.0008352383156307042,0.0023465738631784916,0.0008342575165443122,0.0008352383156307042,0.0023465738631784916,0.0035074681509286165,0.0006898421561345458,0.0007019976619631052,0.0021156284492462873,0.0006898421561345458,0.0007019976619631052,0.002115628682076931
117,0.0033093630336225033,0.0006590759730897844,0.0006591710262000561,0.001991116441786289,0.0006590760312974453,0.0006591710262000561,0.001991116441786289,0.003025741782039404,0.0005778319318778813,0.0005881034303456545,0.0018598061287775636,0.0005778319900855422,0.0005881034303456545,0.0018598061287775636
118,0.0030618382152169943,0.0005989954806864262,0.0005994677194394171,0.00186337495688349,0.0005989954806864262,0.0005994677194394171,0.0018633751897141337,0.003092776983976364,0.0005965102463960648,0.0006072301766835153,0.0018890363862738013,0.0005965102463960648,0.0006072301766835153,0.0018890363862738013
119,0.0029835053719580173,0.0005798783386126161,0.0005798002821393311,0.001823826925829053,0.0005798783386126161,0.0005798002821393311,0.001823826925829053,0.0031388287898153067,0.000609162962064147,0.0006195855676196516,0.001910080318339169,0.0006091630202718079,0.0006195855676196516,0.001910080318339169
120,0.002967394422739744,0.0005761567153967917,0.0005766587564721704,0.0018145791254937649,0.0005761567153967917,0.0005766587564721704,0.0018145793583244085,0.003025628626346588,0.00058002705918625,0.0005915974033996463,0.0018540042219683528,0.0005800271173939109,0.0005915974616073072,0.0018540042219683528
121,0.0029343238566070795,0.0005690580001100898,0.0005683480412699282,0.0017969179898500443,0.0005690580001100898,0.0005683480994775891,0.0017969179898500443,0.0029648281633853912,0.0005650163511745632,0.0005753638106398284,0.0018244480015709996,0.0005650164093822241,0.0005753638688474894,0.0018244480015709996
122,0.0028906180523335934,0.0005579936550930142,0.0005582103040069342,0.0017744139768183231,0.0005579937715083361,0.0005582103040069342,0.0017744139768183231,0.002992907539010048,0.0005727065145038068,0.000581936095841229,0.0018382647540420294,0.0005727065145038068,0.000581936095841229,0.001838264986872673
123,0.00290147727355361,0.0005617190035991371,0.0005610205116681755,0.0017787374090403318,0.0005617190035991371,0.0005610205116681755,0.0017787374090403318,0.0029622523579746485,0.0005658363224938512,0.0005736421444453299,0.0018227733671665192,0.0005658363224938512,0.0005736422026529908,0.0018227733671665192
124,0.003019272116944194,0.0005904996069148183,0.0005912979831919074,0.0018374744104221463,0.0005904996069148183,0.0005912980996072292,0.0018374744104221463,0.0035561041440814734,0.0007107311976142228,0.0007231943891383708,0.0021221786737442017,0.0007107311976142228,0.0007231943891383708,0.0021221786737442017
125,0.0034721428528428078,0.0007023170473985374,0.0007037906907498837,0.002066035056486726,0.0007023170473985374,0.0007037906907498837,0.002066035056486726,0.0030773032922297716,0.0005969029734842479,0.0006077479338273406,0.0018726520938798785,0.0005969029734842479,0.0006077479338273406,0.0018726522102952003
126,0.0029101611580699682,0.0005654912092722952,0.0005652697873301804,0.001779399928636849,0.0005654912674799562,0.0005652697873301804,0.001779399928636849,0.0029550548642873764,0.0005653594271279871,0.0005742285284213722,0.0018154667923226953,0.0005653594853356481,0.0005742285284213722,0.0018154667923226953
127,0.0028331922367215157,0.0005464142304845154,0.000547110044863075,0.001739668077789247,0.0005464142304845154,0.000547110044863075,0.001739668077789247,0.0029100324027240276,0.0005557318218052387,0.0005656106513924897,0.0017886898713186383,0.0005557318218052387,0.0005656106513924897,0.0017886899877339602
128,0.002817823551595211,0.00054320995695889,0.0005434862105175853,0.0017311276169493794,0.00054320995695889,0.0005434862105175853,0.0017311276169493794,0.002993942005559802,0.0005757633480243385,0.0005849310546182096,0.001833247602917254,0.0005757634062319994,0.0005849310546182096,0.001833247602917254
129,0.003033328102901578,0.0005975613021291792,0.000596890808083117,0.0018388761673122644,0.0005975613021291792,0.000596890808083117,0.0018388761673122644,0.0028504945803433657,0.000541067507583648,0.0005507772439159453,0.001758650061674416,0.000541067507583648,0.0005507772439159453,0.001758650061674416
130,0.0027665167581290007,0.0005316616734489799,0.0005317748291417956,0.001703080371953547,0.0005316616734489799,0.0005317748873494565,0.001703080371953547,0.0029026567935943604,0.0005557722761295736,0.0005647175712510943,0.0017821670044213533,0.0005557723343372345,0.0005647175712510943,0.0017821670044213533
131,0.0032033196184784174,0.0006407603505067527,0.0006407356704585254,0.0019218234810978174,0.0006407603505067527,0.0006407356704585254,0.0019218235975131392,0.003040713956579566,0.000592158583458513,0.0006029361393302679,0.0018456189427524805,0.000592158583458513,0.0006029361975379288,0.0018456189427524805
132,0.00297155836597085,0.000584430294111371,0.0005830141017213464,0.0018041138537228107,0.000584430294111371,0.0005830141017213464,0.0018041139701381326,0.0029461125377565622,0.0005658973823301494,0.0005765562527813017,0.001803659019060433,0.0005658974405378103,0.0005765562527813017,0.001803659019060433
133,0.002945844316855073,0.0005778979975730181,0.0005784663371741772,0.0017894799821078777,0.0005778979975730181,0.0005784663371741772,0.0017894799821078777,0.0028018748853355646,0.0005315876915119588,0.0005414704792201519,0.0017288165399804711,0.0005315876915119588,0.0005414704792201519,0.0017288165399804711
134,0.002884278306737542,0.0005635014967992902,0.0005635288543999195,0.0017572474898770452,0.0005635015550069511,0.0005635289126075804,0.0017572474898770452,0.0027821799740195274,0.0005276594310998917,0.0005358567577786744,0.0017186638433486223,0.0005276594893075526,0.0005358567577786744,0.0017186638433486223
135,0.0027455082163214684,0.0005292892456054688,0.0005290342378430068,0.0016871847910806537,0.0005292892456054688,0.0005290342378430068,0.0016871847910806537,0.0027884235605597496,0.0005291237030178308,0.0005366994300857186,0.001722600543871522,0.0005291237612254918,0.0005366994300857186,0.001722600543871522
136,0.0027707505505532026,0.0005363376112654805,0.0005357269546948373,0.0016986860428005457,0.0005363376112654805,0.0005357270129024982,0.0016986860428005457,0.002750164130702615,0.000520834350027144,0.0005289969849400222,0.0017003327375277877,0.000520834350027144,0.0005289969849400222,0.0017003327375277877
137,0.0027647935785353184,0.000534675782546401,0.000535030965693295,0.0016950869467109442,0.0005346758407540619,0.0005350310239009559,0.0016950869467109442,0.0030581976752728224,0.0005977341788820922,0.0006077688303776085,0.0018526945495977998,0.0005977341788820922,0.0006077688303776085,0.0018526946660131216
138,0.0030823699198663235,0.0006136973388493061,0.0006143898935988545,0.001854282571002841,0.0006136973388493061,0.0006143898935988545,0.001854282571002841,0.0027500309515744448,0.0005213188123889267,0.0005311783752404153,0.0016975336475297809,0.0005213188123889267,0.0005311783752404153,0.0016975336475297809
139,0.0028447958175092936,0.0005553893861360848,0.0005555747775360942,0.0017338314792141318,0.0005553893861360848,0.0005555747775360942,0.0017338314792141318,0.0027838456444442272,0.0005295755108818412,0.0005384362884797156,0.0017158337868750095,0.0005295755108818412,0.0005384363466873765,0.0017158337868750095
140,0.002775368746370077,0.000538717198651284,0.0005390226724557579,0.0016976289916783571,0.000538717198651284,0.0005390226724557579,0.001697629108093679,0.0027737035416066647,0.0005282461061142385,0.0005368475685827434,0.001708609634079039,0.0005282461061142385,0.0005368475685827434,0.001708609634079039
141,0.002672941656783223,0.0005136953550390899,0.0005142568261362612,0.0016449893591925502,0.0005136953550390899,0.0005142568261362612,0.0016449893591925502,0.002729163272306323,0.000517575885169208,0.0005252535338513553,0.0016863335622474551,0.000517575885169208,0.0005252535338513553,0.0016863335622474551
142,0.0028485555667430162,0.0005577603005804121,0.0005589593783952296,0.0017318354221060872,0.0005577603587880731,0.0005589593783952296,0.0017318354221060872,0.0030931553337723017,0.0006097002187743783,0.0006207496044225991,0.0018627055687829852,0.0006097002187743783,0.0006207496044225991,0.0018627058016136289
143,0.0027207667008042336,0.0005267794476822019,0.0005271934205666184,0.0016667938325554132,0.0005267794476822019,0.0005271934205666184,0.0016667938325554132,0.0027286759577691555,0.0005176948616281152,0.0005287225940264761,0.0016822584439069033,0.0005176948616281152,0.0005287225940264761,0.0016822584439069033
144,0.002718227216973901,0.0005265181534923613,0.0005268033128231764,0.0016649061581119895,0.0005265181534923613,0.0005268033128231764,0.0016649061581119895,0.0029798687901347876,0.0005795496399514377,0.0005888878949917853,0.001811431022360921,0.0005795496399514377,0.0005888878949917853,0.0018114312551915646
145,0.002804175717756152,0.0005470691248774529,0.0005486021400429308,0.0017085045110434294,0.0005470691248774529,0.0005486021400429308,0.0017085045110434294,0.0026894561015069485,0.000509373436216265,0.0005192378303036094,0.0016608450096100569,0.000509373436216265,0.0005192378303036094,0.0016608450096100569
146,0.0026314142160117626,0.0005054350476711988,0.0005056881927885115,0.0016202908009290695,0.0005054350476711988,0.0005056881927885115,0.0016202908009290695,0.0030377896036952734,0.0005968326586298645,0.0006070297094993293,0.001833927002735436,0.0005968327168375254,0.0006070297677069902,0.0018339272355660796
147,0.002815660322085023,0.0005512667121365666,0.0005529667250812054,0.0017114270012825727,0.0005512667703442276,0.0005529667832888663,0.0017114270012825727,0.002699838252738118,0.0005126796895638108,0.0005230731330811977,0.001664085197262466,0.0005126796895638108,0.0005230731330811977,0.0016640854300931096
148,0.002634291769936681,0.0005079491529613733,0.0005078138201497495,0.001618528738617897,0.0005079492111690342,0.0005078138201497495,0.001618528738617897,0.0027835608925670385,0.0005338521441444755,0.000544157053809613,0.0017055515199899673,0.0005338521441444755,0.000544157053809613,0.0017055515199899673
149,0.0028977221809327602,0.000572425255086273,0.0005744855152443051,0.001750811468809843,0.000572425255086273,0.0005744855152443051,0.001750811468809843,0.003060517832636833,0.0006012640660628676,0.0006124151987023652,0.0018468383932486176,0.0006012641242705286,0.0006124151987023652,0.0018468383932486176
150,0.0027175024151802063,0.0005293547292239964,0.0005291790002956986,0.001658968860283494,0.0005293547292239964,0.0005291790002956986,0.001658968860283494,0.00281499233096838,0.0005428253789432347,0.0005520430277101696,0.001720123691484332,0.0005428254371508956,0.0005520430277101696,0.001720123691484332
151,0.0026073832996189594,0.000502136826980859,0.0005020136013627052,0.001603233045898378,0.000502136826980859,0.0005020136013627052,0.001603233045898378,0.0026703611947596073,0.0005067955935373902,0.0005168347270227969,0.0016467305831611156,0.0005067956517450511,0.0005168347270227969,0.0016467305831611156
152,0.0027718080673366785,0.0005420290981419384,0.0005445618880912662,0.0016852174885571003,0.0005420291563495994,0.0005445618880912662,0.0016852174885571003,0.0028497588355094194,0.0005504264845512807,0.0005611434462480247,0.001738188904710114,0.0005504265427589417,0.0005611434462480247,0.001738188904710114
153,0.0026093111373484135,0.0005036837537772954,0.0005036390502937138,0.0016019882168620825,0.0005036837537772954,0.0005036390502937138,0.0016019882168620825,0.002587545197457075,0.0004878025793004781,0.0004965949337929487,0.0016031479462981224,0.0004878025793004781,0.0004965949337929487,0.0016031479462981224
154,0.00252872658893466,0.0004838499007746577,0.00048423721455037594,0.0015606400556862354,0.0004838499007746577,0.00048423721455037594,0.0015606400556862354,0.002683415310457349,0.0005115331732667983,0.0005203452310524881,0.0016515369061380625,0.0005115332314744592,0.0005203452310524881,0.0016515369061380625
155,0.0026514078490436077,0.0005146482144482434,0.0005147668998688459,0.0016219925601035357,0.0005146482144482434,0.0005147668998688459,0.0016219926765188575,0.002672529546543956,0.0005091825732961297,0.0005173192475922406,0.0016460276674479246,0.0005091826315037906,0.0005173192475922406,0.0016460276674479246
156,0.002519651548936963,0.0004827702359762043,0.0004824007337447256,0.0015544806374236941,0.0004827702359762043,0.0004824007337447256,0.0015544806374236941,0.002655352232977748,0.000505432893987745,0.0005143231246620417,0.001635596388950944,0.000505432893987745,0.0005143231246620417,0.001635596388950944
157,0.0026814269367605448,0.0005230105016380548,0.0005227671354077756,0.0016356491250917315,0.0005230105016380548,0.0005227671354077756,0.0016356492415070534,0.0031304096337407827,0.0006246161065064371,0.0006355909281410277,0.001870202599093318,0.0006246161065064371,0.0006355909281410277,0.001870202599093318
158,0.0027396727818995714,0.0005376746994443238,0.0005383057286962867,0.0016636925283819437,0.0005376746994443238,0.0005383057286962867,0.0016636925283819437,0.002539842389523983,0.0004786966310348362,0.0004862765781581402,0.001574869267642498,0.0004786966310348362,0.0004862765781581402,0.001574869267642498
159,0.0025791930966079235,0.0004981796373613179,0.0004989724839106202,0.0015820411499589682,0.0004981796373613179,0.0004989724839106202,0.0015820411499589682,0.002905523171648383,0.0005686882068403065,0.0005780425854027271,0.0017587924376130104,0.0005686882068403065,0.0005780425854027271,0.0017587924376130104
160,0.002746876096352935,0.000538945198059082,0.0005411232705228031,0.0016668078023940325,0.000538945198059082,0.0005411232705228031,0.0016668078023940325,0.0025459814351052046,0.0004801408795174211,0.000489274098072201,0.001576566370204091,0.0004801408795174211,0.000489274098072201,0.001576566370204091
161,0.0026134720537811518,0.0005084577132947743,0.0005077936802990735,0.0015972205437719822,0.0005084577132947743,0.0005077936802990735,0.0015972205437719822,0.00252585974521935,0.0004759548755828291,0.0004848818643949926,0.0015650229761376977,0.0004759549046866596,0.0004848818643949926,0.0015650229761376977
162,0.0024277311749756336,0.00046186434337869287,0.00046257738722488284,0.001503289444372058,0.0004618643724825233,0.0004625774163287133,0.001503289444372058,0.002478992799296975,0.00046458732686005533,0.0004728423082269728,0.0015415633097290993,0.0004645873559638858,0.0004728423082269728,0.0015415633097290993
163,0.0025130482390522957,0.0004828943347092718,0.00048405499546788633,0.001546098617836833,0.0004828943929169327,0.0004840550245717168,0.001546098617836833,0.0027938869316130877,0.0005424523260444403,0.0005523347062990069,0.001699100132100284,0.0005424523260444403,0.0005523347062990069,0.001699100132100284
164,0.002668695989996195,0.0005228755180723965,0.0005225620698183775,0.0016232586931437254,0.0005228755180723965,0.0005225620698183775,0.0016232586931437254,0.0024728586431592703,0.0004638626705855131,0.0004724652389995754,0.0015365306753665209,0.0004638626705855131,0.0004724652389995754,0.0015365306753665209
165,0.002396918600425124,0.0004552287282422185,0.00045580341247841716,0.0014858866343274713,0.0004552287282422185,0.00045580341247841716,0.0014858866343274713,0.0024631533306092024,0.0004623520071618259,0.00046936527360230684,0.001531435875222087,0.0004623520071618259,0.00046936527360230684,0.001531435875222087
166,0.0023592612706124783,0.0004459743795450777,0.0004470977874007076,0.0014661891618743539,0.0004459743795450777,0.0004470977874007076,0.0014661891618743539,0.0024715112522244453,0.00046448895591311157,0.000472439598524943,0.0015345829306170344,0.00046448895591311157,0.000472439598524943,0.0015345829306170344
167,0.0027679409831762314,0.0005470984033308923,0.0005493839271366596,0.0016714588273316622,0.0005470984033308923,0.0005493839271366596,0.0016714588273316622,0.004322320222854614,0.0009141910704784095,0.0009348015300929546,0.002473327564075589,0.0009141910704784095,0.0009348016465082765,0.002473327564075589
168,0.003264086786657572,0.0006723554688505828,0.0006712854374200106,0.0019204462878406048,0.0006723554688505828,0.0006712854956276715,0.0019204462878406048,0.002561649540439248,0.0004893692675977945,0.0004970449954271317,0.001575235277414322,0.0004893692675977945,0.0004970449954271317,0.001575235277414322
169,0.002524685813114047,0.0004887607065029442,0.0004896125756204128,0.0015463123563677073,0.0004887607065029442,0.0004896125756204128,0.0015463123563677073,0.0027011048514395952,0.0005234510754235089,0.0005328456754796207,0.001644807867705822,0.0005234510754235089,0.0005328456754796207,0.001644807867705822
170,0.0024222542997449636,0.0004636286466848105,0.000464470824226737,0.0014941550325602293,0.000463628675788641,0.0004644708533305675,0.0014941550325602293,0.0024048166815191507,0.0004493474552873522,0.00045708188554272056,0.0014983874280005693,0.00044934748439118266,0.00045708188554272056,0.0014983874280005693
171,0.002363136038184166,0.0004499671922530979,0.0004497357876971364,0.0014634332619607449,0.0004499671922530979,0.0004497357876971364,0.0014634332619607449,0.002405596198514104,0.0004496611072681844,0.00045843442785553634,0.00149750045966357,0.0004496611072681844,0.00045843442785553634,0.00149750045966357
172,0.0023425843100994825,0.00044509099097922444,0.00044503662502393126,0.0014524568105116487,0.00044509099097922444,0.00044503662502393126,0.0014524568105116487,0.0024369454476982355,0.00045739079359918833,0.00046641204971820116,0.001513142604380846,0.00045739079359918833,0.00046641204971820116,0.001513142604380846
173,0.0023546642623841763,0.00044809235259890556,0.00044830390834249556,0.0014582680305466056,0.00044809235259890556,0.00044830390834249556,0.0014582680305466056,0.002419506898149848,0.00045448809396475554,0.0004615607613231987,0.0015034581301733851,0.00045448809396475554,0.0004615607613231987,0.001503458246588707
174,0.0023595264647156,0.000449314306024462,0.00044945735135115683,0.0014607547782361507,0.000449314306024462,0.00044945735135115683,0.0014607547782361507,0.0024221325293183327,0.0004548842553049326,0.00046305920113809407,0.0015041891019791365,0.0004548842553049326,0.00046305920113809407,0.0015041891019791365
175,0.002351390663534403,0.0004473027656786144,0.0004487217520363629,0.0014553660294041038,0.0004473027656786144,0.00044872178114019334,0.0014553660294041038,0.002809423953294754,0.0005507945315912366,0.0005609065410681069,0.0016977228224277496,0.0005507945897988975,0.0005609065992757678,0.0016977228224277496
176,0.0029408507980406284,0.0005939016118645668,0.0005949939950369298,0.00175195571500808,0.0005939016118645668,0.0005949939950369298,0.00175195571500808,0.0026009846478700638,0.0004976587370038033,0.0005075093940831721,0.0015958164585754275,0.0004976587370038033,0.0005075093940831721,0.0015958164585754275
177,0.0025665350258350372,0.0005020552198402584,0.0005016947397962213,0.0015627852408215404,0.0005020552198402584,0.0005016947397962213,0.0015627852408215404,0.0025490063708275557,0.0004883094225078821,0.0004974290495738387,0.0015632675494998693,0.000488309480715543,0.0004974290495738387,0.0015632675494998693
178,0.002417849376797676,0.00046569277765229344,0.00046570433187298477,0.0014864522963762283,0.0004656928067561239,0.00046570433187298477,0.0014864522963762283,0.002363994950428605,0.0004427675739862025,0.00045047621824778616,0.001470751129090786,0.0004427675739862025,0.0004504762473516166,0.001470751129090786
179,0.0023044180124998093,0.0004372722178231925,0.0004386621294543147,0.0014284835197031498,0.0004372722178231925,0.0004386621294543147,0.0014284835197031498,0.0023567338939756155,0.00044136325595900416,0.00044855757732875645,0.0014668130315840244,0.0004413632850628346,0.00044855757732875645,0.0014668131479993463
180,0.0022632195614278316,0.0004273088416084647,0.0004286009061615914,0.0014073101337999105,0.0004273088416084647,0.0004286009061615914,0.0014073101337999105,0.002326073357835412,0.00043398948037065566,0.00044104314292781055,0.0014510407345369458,0.00043398948037065566,0.000441043172031641,0.0014510407345369458
181,0.00225403206422925,0.0004254008235875517,0.00042651573312468827,0.0014021155657246709,0.0004254008235875517,0.00042651573312468827,0.0014021155657246709,0.002441105432808399,0.00046296583604998887,0.0004714064998552203,0.0015067331260070205,0.0004629658651538193,0.0004714064998552203,0.0015067331260070205
182,0.002410485642030835,0.0004655035736504942,0.0004650523769669235,0.001479929662309587,0.0004655035736504942,0.0004650523769669235,0.0014799297787249088,0.0023077079094946384,0.00042995496187359095,0.00043710312456823885,0.001440649852156639,0.00042995496187359095,0.00043710312456823885,0.001440649852156639
183,0.002287550363689661,0.0004347960348241031,0.00043512420961633325,0.0014176302356645465,0.0004347960639279336,0.00043512420961633325,0.0014176302356645465,0.002356437500566244,0.00044185129809193313,0.00045053023495711386,0.001464056083932519,0.00044185129809193313,0.0004505302931647748,0.001464056083932519
184,0.0022274183575063944,0.00042007301817648113,0.00042060832493007183,0.0013867371017113328,0.00042007301817648113,0.00042060832493007183,0.0013867371017113328,0.0023397402837872505,0.0004381269100122154,0.0004464414087124169,0.0014551719650626183,0.00043812693911604583,0.0004464414087124169,0.0014551719650626183
185,0.0024022888392210007,0.0004642949206754565,0.0004638908139895648,0.0014741033082827926,0.000464294949779287,0.0004638908139895648,0.0014741033082827926,0.0035893551539629698,0.0007481179782189429,0.0007590116001665592,0.0020822258666157722,0.0007481179782189429,0.0007590116001665592,0.0020822258666157722
186,0.0034219790250062943,0.0007161921239458025,0.0007186743896454573,0.0019871124532073736,0.0007161921239458025,0.0007186743896454573,0.0019871124532073736,0.002718560863286257,0.0005311756976880133,0.0005390876322053373,0.0016482975333929062,0.0005311756976880133,0.0005390876322053373,0.0016482975333929062
187,0.0025920141488313675,0.0005120196146890521,0.0005117392283864319,0.0015682552475482225,0.0005120196146890521,0.0005117392283864319,0.0015682552475482225,0.0025826706551015377,0.0004991471651010215,0.0005067905876785517,0.001576733193360269,0.0004991471651010215,0.0005067905876785517,0.001576733193360269
188,0.0023501550313085318,0.0004515098116826266,0.0004536925407592207,0.0014449525624513626,0.00045150984078645706,0.0004536925407592207,0.0014449525624513626,0.0023564507719129324,0.00044454916496761143,0.0004511034640017897,0.0014607980847358704,0.00044454916496761143,0.00045110349310562015,0.0014607980847358704
189,0.0022589846048504114,0.00043031180393882096,0.0004303789755795151,0.0013982937671244144,0.00043031180393882096,0.0004303789755795151,0.0013982937671244144,0.0023408825509250164,0.0004417345335241407,0.00044907437404617667,0.0014500735560432076,0.0004417345335241407,0.0004490744322538376,0.0014500735560432076
190,0.0021898376289755106,0.0004131564637646079,0.00041418225737288594,0.0013624988496303558,0.0004131564637646079,0.00041418225737288594,0.0013624988496303558,0.0022448201198130846,0.0004172269254922867,0.00042472025961615145,0.0014028730802237988,0.0004172269254922867,0.00042472025961615145,0.0014028730802237988
191,0.00215700501576066,0.0004049247072543949,0.0004058523045387119,0.0013462279457598925,0.0004049247072543949,0.0004058523045387119,0.0013462279457598925,0.002243246417492628,0.0004173483175691217,0.000424043508246541,0.0014018547954037786,0.0004173483175691217,0.0004240435373503715,0.0014018547954037786
192,0.0021786366123706102,0.00041035088361240923,0.0004121473175473511,0.0013561382656916976,0.0004103509127162397,0.0004121473175473511,0.0013561382656916976,0.0022645071148872375,0.0004232579085510224,0.0004301085136830807,0.0014111408963799477,0.0004232579085510224,0.0004301085136830807,0.0014111408963799477
193,0.0021526699420064688,0.0004046603280585259,0.0004052428703289479,0.0013427668018266559,0.0004046603571623564,0.0004052428703289479,0.0013427668018266559,0.0022332018706947565,0.0004156694049015641,0.00042282009962946177,0.0013947123661637306,0.0004156694049015641,0.00042282009962946177,0.0013947123661637306
194,0.002143408404663205,0.00040249587618745863,0.00040323068969883025,0.0013376818969845772,0.00040249587618745863,0.00040323068969883025,0.0013376818969845772,0.0022390151862055063,0.0004183068813290447,0.000424061348894611,0.0013966468395665288,0.00041830691043287516,0.000424061348894611,0.0013966470723971725
195,0.0021309456788003445,0.000399869866669178,0.00040054426062852144,0.0013305317843332887,0.000399869866669178,0.00040054426062852144,0.0013305317843332887,0.002220641588792205,0.00041295058326795697,0.00041951105231419206,0.001388179836794734,0.00041295058326795697,0.00041951105231419206,0.001388179836794734
196,0.0023159475531429052,0.0004472755827009678,0.0004455136659089476,0.0014231584500521421,0.00044727561180479825,0.0004455136659089476,0.001423158566467464,0.0032034076284617186,0.0006559014436788857,0.0006665728287771344,0.0018809332977980375,0.0006559014436788857,0.0006665728287771344,0.0018809332977980375
197,0.0025963596999645233,0.0005156467668712139,0.0005160426371730864,0.0015646701212972403,0.0005156467668712139,0.0005160426371730864,0.0015646701212972403,0.0025000793393701315,0.0004822064656764269,0.0004900958156213164,0.0015277770580723882,0.0004822064656764269,0.0004900958156213164,0.00152777717448771
198,0.0022104589734226465,0.0004203629505354911,0.0004210887709632516,0.0013690070481970906,0.00042036297963932157,0.0004210887709632516,0.0013690070481970906,0.0023184255696833134,0.0004381623293738812,0.0004459646006580442,0.001434298581443727,0.0004381623584777117,0.0004459646006580442,0.001434298581443727
199,0.002159626455977559,0.0004086381522938609,0.0004086226399522275,0.0013423654017969966,0.0004086381522938609,0.0004086226399522275,0.0013423654017969966,0.002293803496286273,0.0004329473013058305,0.00043954147258773446,0.001421314780600369,0.0004329473013058305,0.0004395415016915649,0.001421314780600369
